name	sample1	sample2	sample3	sample4	sample5	random_type	bool_type	bool_type2
RS_GCF_001560035.1	0.05	0.12	0.86	0.01	0.69	medium	1	True
RS_GCF_001560635.1	0.64	0.67	0.51	0.29	0.14	medium	1	True
RS_GCF_001560215.1	0.89	0.38	0.97	0.49	0.26	low	1	False
RS_GCF_001559985.1	0.1	0.09	0.38	0.31	0.41	medium	0	True
RS_GCF_001560605.1	0.77	0.03	0.52	0.07	0.23	medium	1	True
RS_GCF_001560125.1	0.05	0.3	0.61	0.45	0.47	medium	1	False
RS_GCF_001560205.1	0.82	0.34	0.2	0.06	0.12	low	0	True
RS_GCF_001560195.1	0.46	0.76	0.08	0.79	0.17	high	1	False
RS_GCF_001560525.1	0.68	0.27	0.89	0.36	0.49	high	1	False
RS_GCF_007996945.1	0.33	0.95	0.22	0.34	0.38	low	1	True
RS_GCF_001559975.1	0.87	0.26	0.33	0.67	0.74	medium	1	True
RS_GCF_001560165.1	0.56	0.76	0.27	0.84	0.52	medium	0	False
RS_GCF_001560485.1	0.4	0.78	0.53	0.42	0.46	medium	1	False
RS_GCF_001560065.1	0.9	0.89	0.48	0.48	0.13	low	1	False
RS_GCF_001560555.1	0.8	0.64	0.93	0.38	0.55	medium	0	True
RS_GCF_000338775.1	0.31	0.48	0.22	0.83	0.36	medium	1	False
RS_GCF_001560815.1	0.26	0.67	0.87	0.83	0.01	high	1	False
RS_GCF_001560465.1	0.38	0.6	0.84	0.54	0.02	low	0	False
RS_GCF_001560515.1	0.96	0.73	0.23	0.57	0.35	low	0	False
RS_GCF_001560435.1	0.8	0.03	0.56	0.32	0.63	medium	1	False
RS_GCF_001560755.1	0.68	0.07	0.91	0.8	0.06	high	0	True
RS_GCF_001560835.1	0.34	0.73	0.3	0.39	0.2	high	1	False
RS_GCF_001560765.1	0.49	0.27	0.02	0.61	0.58	low	0	False
RS_GCF_002215405.1	0.21	0.16	0.53	0.11	0.62	high	1	False
RS_GCF_000012285.1	0.85	0.12	0.33	0.19	0.81	low	0	False
RS_GCF_002215525.1	0.33	0.94	0.74	0.1	0.09	medium	0	False
RS_GCF_001560645.1	0.87	0.53	0.67	0.71	0.2	medium	1	True
RS_GCF_001560315.1	0.7	0.68	0.11	0.55	0.82	high	1	True
RS_GCF_001560135.1	0.09	0.54	0.55	0.61	0.53	high	0	False
RS_GCF_001481635.1	0.42	0.05	0.72	0.13	0.85	high	1	False
RS_GCF_001559965.1	0.36	0.46	0.1	0.44	0.54	high	0	False
RS_GCF_001560795.1	0.56	0.2	0.84	0.01	0.26	high	0	True
RS_GCF_002215485.1	0.15	0.51	0.63	0.51	0.52	high	1	False
RS_GCF_001560045.1	0.69	0.19	0.03	0.66	0.76	high	1	True
RS_GCF_001560385.1	0.22	0.56	0.95	0.33	0.82	medium	1	True
RS_GCF_001560725.1	0.78	0.81	0.37	0.0	0.22	high	0	False
RS_GCF_001560285.1	0.74	0.69	0.2	0.77	0.65	medium	0	True
RS_GCF_001560355.1	0.02	0.11	0.41	0.54	0.77	medium	1	False
RS_GCF_001560245.1	0.35	0.53	0.87	0.47	0.14	high	0	True
RS_GCF_001560455.1	0.25	0.83	0.15	0.18	0.1	high	0	True
RS_GCF_001560275.1	0.94	0.02	0.82	0.37	0.1	low	0	True
RS_GCF_001560715.1	0.07	0.19	0.11	0.9	0.05	low	1	True
RS_GCF_001560595.1	0.71	0.18	0.57	0.38	0.15	low	1	True
RS_GCF_000340315.1	0.62	0.14	0.32	0.73	0.53	low	0	True
RS_GCF_002215445.1	0.41	0.36	0.82	0.43	0.18	medium	1	False
RS_GCF_001560115.1	0.14	0.86	0.91	0.28	0.36	high	1	False
RS_GCF_001559955.1	0.15	0.18	0.15	0.74	0.51	low	1	False
RS_GCF_001560565.1	0.28	0.47	0.5	0.95	0.33	medium	0	True
RS_GCF_002215565.1	0.38	0.66	0.74	0.12	0.13	high	0	True
RS_GCF_001560305.1	0.27	0.86	0.46	0.58	0.67	low	0	True
RS_GCF_001560375.1	0.81	0.64	0.54	0.56	0.57	medium	0	False
RS_GCF_001560685.1	0.55	0.6	0.56	0.89	0.21	medium	0	False
RS_GCF_001560675.1	0.61	0.39	0.54	0.01	0.77	high	0	True
RS_GCF_001560405.1	0.61	0.15	0.88	0.34	0.33	low	0	True
RS_GCF_001560085.1	0.06	0.4	0.86	0.62	0.99	low	1	False
GB_GCA_001481595.1	0.49	1.0	0.82	0.14	0.27	medium	0	False
GB_GCA_000508305.1	0.64	0.87	0.73	0.76	0.13	high	0	True
GB_GCA_003086455.1	0.99	0.09	0.99	0.82	0.9	high	1	True
RS_GCF_000245135.1	0.49	0.08	0.06	0.34	0.08	medium	1	True
RS_GCF_000022445.1	0.79	0.34	0.71	0.94	0.82	high	1	True
RS_GCF_000245215.1	0.69	0.24	0.39	0.43	0.67	high	0	True
RS_GCF_000022405.1	0.64	0.79	0.68	0.36	0.86	low	0	False
RS_GCF_000245095.1	0.8	0.12	0.32	0.33	0.69	low	1	True
RS_GCF_000245195.1	0.66	0.76	0.33	0.65	0.34	medium	1	True
RS_GCF_000189575.1	0.08	0.93	0.56	0.96	0.14	low	1	True
RS_GCF_000245155.1	0.19	0.39	0.31	0.66	0.29	medium	1	False
RS_GCF_000024305.1	0.38	0.08	0.19	0.44	0.04	high	1	True
RS_GCF_000022425.1	0.93	0.21	0.69	0.54	0.48	medium	1	True
RS_GCF_000189555.1	0.82	0.66	0.55	0.21	0.15	high	0	False
RS_GCF_000245235.1	0.49	0.7	0.56	0.92	0.92	medium	1	True
RS_GCF_000245275.1	0.55	0.26	0.66	0.46	0.38	high	0	True
RS_GCF_000245175.1	0.82	0.28	0.37	0.68	0.85	high	1	True
RS_GCF_000022385.1	0.18	0.49	0.79	0.87	0.7	high	1	False
RS_GCF_000022485.1	0.44	0.49	0.74	0.22	0.39	high	0	True
RS_GCF_000245115.1	0.99	0.7	0.46	0.43	0.91	medium	1	False
RS_GCF_000364745.1	0.39	0.93	0.31	0.54	0.75	low	0	True
RS_GCF_000245255.1	0.2	0.49	0.03	0.95	0.21	low	1	False
RS_GCF_000022465.1	0.65	0.57	0.83	0.7	0.45	medium	0	True
RS_GCF_003852135.1	0.38	0.78	0.51	0.07	0.48	high	1	True
RS_GCF_003852215.1	0.76	0.39	0.38	0.63	0.25	high	1	False
RS_GCF_000968355.2	0.8	0.25	0.28	0.04	0.36	medium	1	False
RS_GCF_003852195.1	0.3	0.44	0.98	0.77	0.02	low	0	True
RS_GCF_000024745.1	0.19	0.98	0.55	0.3	0.79	high	0	False
RS_GCF_003852155.1	0.2	0.89	0.53	0.79	0.44	high	0	False
RS_GCF_900079115.1	0.71	0.04	0.33	0.08	0.82	high	0	False
RS_GCF_000968395.2	0.28	0.87	0.76	0.46	0.7	medium	1	False
RS_GCF_003852175.1	0.78	0.31	0.67	0.91	0.21	medium	0	True
RS_GCF_003852115.1	0.94	0.57	0.95	0.16	0.21	low	1	True
RS_GCF_000968435.2	0.92	0.13	0.94	0.34	0.4	medium	1	True
RS_GCF_000175555.1	0.91	0.53	0.28	0.2	0.61	low	1	False
RS_GCF_000007005.1	0.02	0.89	0.47	0.93	0.27	medium	0	True
RS_GCF_003852095.1	0.48	0.6	0.78	0.9	0.7	low	0	False
GB_GCA_007050095.1	0.48	0.96	0.73	0.51	0.61	medium	1	False
GB_GCA_007050235.1	0.58	0.46	0.88	0.46	0.04	low	1	True
GB_GCA_007050175.1	0.16	0.74	0.95	0.41	0.59	medium	0	False
RS_GCF_001719125.1	0.3	0.73	0.96	0.77	0.87	high	1	False
GB_GCA_007050255.1	0.2	0.57	0.96	0.55	0.96	medium	1	False
GB_GCA_007050085.1	0.68	0.32	0.69	0.33	0.46	low	0	False
RS_GCF_007050195.1	0.42	0.39	0.68	0.61	0.71	high	1	True
RS_GCF_009602405.1	0.97	0.98	0.02	0.31	0.86	medium	1	False
RS_GCF_009601705.1	0.31	0.1	0.83	0.11	0.58	medium	0	True
RS_GCF_001266735.1	0.23	0.6	0.2	0.85	0.05	low	1	False
RS_GCF_001266695.1	0.05	0.05	0.77	0.66	0.57	high	1	True
RS_GCF_001266655.1	0.16	0.57	0.36	0.89	0.31	medium	1	True
RS_GCF_001266715.1	0.56	0.43	0.67	0.89	0.53	high	1	False
RS_GCF_000747605.1	0.29	0.24	0.56	0.94	0.1	high	1	False
RS_GCF_000016605.1	0.22	0.64	0.48	0.89	0.49	medium	1	False
GB_GCA_002509145.1	0.17	0.93	0.34	0.97	0.43	medium	1	False
RS_GCF_001266675.1	0.53	0.72	0.53	0.79	0.65	high	1	True
GB_GCA_005222525.1	0.5	0.01	0.68	0.01	0.92	high	1	True
RS_GCF_003201675.2	0.96	0.56	0.41	0.84	0.01	low	0	False
GB_GCA_001315825.1	0.98	0.13	0.48	0.46	0.18	low	0	False
RS_GCF_000243315.1	0.21	0.41	0.55	0.64	0.75	medium	1	True
RS_GCF_000204925.1	0.94	0.67	0.71	0.87	0.27	medium	1	False
RS_GCF_013343295.1	0.34	0.46	0.87	0.61	0.09	medium	0	False
RS_GCF_008326385.1	0.73	0.71	0.69	0.04	0.67	low	1	True
RS_GCF_008326425.1	0.91	0.74	0.43	0.89	0.76	low	1	True
RS_GCF_001316085.1	0.34	0.5	0.24	0.25	0.25	low	0	False
RS_GCF_009729515.1	0.97	0.98	0.21	0.08	0.67	high	0	False
RS_GCF_001316045.1	0.18	0.75	0.6	0.19	0.59	high	0	True
GB_GCA_002495845.1	0.62	0.37	0.93	0.71	0.83	low	0	False
GB_GCA_013329795.1	0.23	0.14	0.97	0.06	0.47	medium	1	False
RS_GCF_000011205.1	0.5	0.54	0.88	0.04	0.48	high	1	True
RS_GCF_009729055.1	0.31	0.55	0.36	0.85	0.44	medium	1	False
RS_GCF_014202105.1	0.5	0.03	0.53	0.0	0.28	low	1	True
RS_GCF_012222305.1	0.01	0.42	0.4	0.09	0.01	high	0	True
GB_GCA_000389735.1	0.94	0.3	0.51	0.94	0.72	low	0	True
GB_GCA_003086535.1	0.11	0.02	0.23	0.32	0.24	low	1	True
GB_GCA_000961135.1	0.32	0.37	0.9	0.31	0.44	medium	1	True
GB_GCA_000565255.1	0.38	0.28	0.1	0.92	0.18	low	1	True
RS_GCF_013133895.1	0.94	0.56	0.9	0.09	0.0	high	1	False
RS_GCF_000632495.1	0.15	0.46	0.78	0.87	0.01	medium	1	False
GB_GCA_003086435.1	0.88	0.69	0.68	0.33	0.78	high	1	False
RS_GCF_000213215.1	0.13	0.23	0.58	0.66	0.08	medium	1	False
RS_GCF_009428885.1	0.27	0.02	0.33	0.13	0.2	low	0	True
RS_GCF_009729015.1	0.48	0.56	0.09	0.38	0.23	low	1	False
RS_GCF_003201765.2	0.93	0.97	0.76	0.58	0.32	high	0	False
RS_GCF_002116695.1	0.6	0.15	0.45	0.38	0.89	low	1	True
RS_GCF_009729545.1	0.11	0.3	0.28	0.17	0.48	medium	0	False
GB_GCA_014648235.1	0.64	0.8	0.23	0.24	1.0	low	0	False
RS_GCF_003967175.1	0.79	0.47	0.08	0.48	0.67	high	0	False
RS_GCF_003201835.2	0.82	0.78	0.14	0.66	0.86	high	0	False
GB_GCA_003086555.1	0.81	0.58	0.31	0.44	0.83	low	1	True
RS_GCF_009729035.1	0.2	0.68	0.58	0.72	0.36	medium	1	False
GB_GCA_009903975.1	0.12	0.24	0.41	0.18	0.2	high	1	False
GB_GCA_000495735.1	0.82	0.43	0.99	0.37	0.65	medium	0	False
GB_GCA_000495695.1	0.99	0.0	0.19	0.49	0.07	low	0	False
GB_GCA_000495715.1	0.94	0.18	0.18	0.49	0.85	low	1	False
GB_GCA_000495675.1	0.27	0.58	0.03	0.32	0.36	high	0	True
GB_GCA_002496425.1	0.53	0.81	0.7	0.45	0.15	medium	0	False
RS_GCF_003431325.1	0.4	0.59	0.39	0.0	0.21	high	0	False
RS_GCF_000144915.1	0.9	0.75	0.71	0.33	0.52	high	0	False
GB_GCA_011367065.1	0.02	0.8	0.41	0.28	0.69	high	0	True
GB_GCA_011366505.1	0.56	0.66	0.82	0.25	0.96	high	0	True
RS_GCF_004323575.1	0.49	0.86	0.12	0.62	0.57	medium	1	False
RS_GCF_000011125.1	0.83	0.5	0.92	0.26	0.23	medium	1	False
RS_GCF_000591035.1	0.47	0.67	0.06	0.91	0.06	low	1	False
RS_GCF_001316065.1	0.91	0.19	0.82	0.88	0.25	high	0	True
RS_GCF_000317795.1	0.93	0.76	0.26	0.77	0.98	high	1	True
GB_GCA_002877855.1	0.66	0.71	0.7	0.05	0.76	high	1	False
GB_GCA_002506595.1	0.04	0.45	0.69	0.96	0.17	medium	1	True
GB_GCA_013152575.1	0.73	0.66	0.18	0.33	0.29	low	1	True
GB_GCA_011337845.1	0.76	0.63	0.88	0.43	0.42	medium	0	False
GB_GCA_011056405.1	0.2	0.24	0.92	0.42	0.53	medium	0	True
GB_GCA_011368075.1	0.21	0.12	0.64	0.9	0.07	low	1	True
GB_GCA_011380305.1	0.29	0.4	0.64	0.42	0.19	high	0	False
GB_GCA_011366425.1	0.73	0.85	0.12	0.85	0.8	medium	1	False
GB_GCA_011369745.1	0.6	0.22	0.14	0.85	0.68	medium	1	False
GB_GCA_011364565.1	0.89	0.96	0.57	0.98	0.2	medium	1	False
GB_GCA_011388775.1	0.31	0.74	0.42	0.2	0.02	medium	1	True
GB_GCA_011368415.1	0.71	0.02	0.4	0.56	0.53	low	1	True
GB_GCA_011375725.1	0.13	0.31	0.28	0.31	0.09	low	1	True
GB_GCA_011361945.1	0.38	0.93	0.25	0.2	0.56	medium	0	True
GB_GCA_003056265.1	0.6	0.01	0.75	0.77	0.96	medium	0	False
GB_GCA_002255065.1	0.71	0.59	0.65	0.71	0.44	low	0	False
GB_GCA_003661745.1	0.44	0.97	0.5	0.41	0.85	medium	1	True
GB_GCA_011373125.1	0.09	0.54	0.63	0.35	0.38	medium	1	False
GB_GCA_011375535.1	0.3	0.75	0.28	0.16	0.06	high	0	True
GB_GCA_011057105.1	0.94	0.88	0.27	0.69	0.03	high	1	False
GB_GCA_002871295.1	0.02	0.26	0.59	0.69	0.43	low	1	False
RS_GCF_000258425.1	0.3	0.98	0.97	0.53	1.0	low	1	False
GB_GCA_009904015.1	0.65	0.22	0.93	0.22	0.97	high	0	False
GB_GCA_011048525.1	0.83	0.24	0.84	0.08	0.54	medium	0	False
GB_GCA_011057145.1	0.78	0.98	0.51	0.87	0.78	high	1	False
GB_GCA_002899805.1	0.75	0.59	0.84	0.56	0.45	medium	1	False
GB_GCA_011333245.1	0.66	0.49	0.89	0.98	0.21	low	0	True
GB_GCA_009904115.1	0.92	0.06	0.64	0.53	0.46	high	0	False
GB_GCA_011380215.1	0.09	0.49	0.5	0.41	0.56	low	0	True
GB_GCA_003177295.1	0.78	0.69	0.77	0.66	0.58	high	1	True
RS_GCF_003116855.1	0.75	0.98	0.93	0.97	0.11	medium	1	True
GB_GCA_009889545.1	0.5	0.14	0.5	0.21	0.52	medium	0	True
GB_GCA_011056395.1	0.43	0.27	0.18	0.59	0.39	medium	1	False
GB_GCA_011380155.1	0.43	0.01	0.57	0.48	0.87	medium	0	False
GB_GCA_009903825.1	0.48	0.19	0.78	0.43	0.91	high	0	True
RS_GCF_000231015.2	0.89	0.73	0.29	0.5	0.19	medium	1	True
RS_GCF_000020905.1	0.85	0.66	0.07	0.24	0.19	medium	1	True
RS_GCF_000513855.1	0.7	0.12	1.0	0.34	0.84	medium	0	False
RS_GCF_001006085.1	0.5	0.48	0.51	0.21	0.58	high	1	False
RS_GCF_000186365.1	0.86	0.64	0.08	0.65	0.32	high	1	True
GB_GCA_011366445.1	0.2	0.95	0.09	0.77	0.11	high	1	True
GB_GCA_011364525.1	0.69	0.79	0.96	0.92	0.92	high	1	False
GB_GCA_002496045.1	0.39	0.91	0.16	0.25	0.65	high	1	True
GB_GCA_002495025.1	0.3	0.57	0.25	0.34	0.5	medium	0	False
GB_GCA_011380145.1	0.27	0.41	0.84	0.09	0.4	low	0	True
GB_GCA_011056815.1	0.26	0.69	0.82	0.61	0.9	low	0	False
GB_GCA_011375785.1	0.32	0.78	0.01	0.72	0.43	high	0	False
GB_GCA_011380285.1	0.18	0.66	0.14	0.38	0.66	low	0	True
GB_GCA_011375875.1	0.96	0.82	0.81	0.05	0.56	high	0	True
GB_GCA_009904025.1	0.2	0.97	0.45	0.8	0.13	medium	1	True
RS_GCF_000264495.1	0.7	0.91	0.47	0.88	0.86	low	0	True
GB_GCA_011366735.1	0.78	0.42	0.97	0.66	1.0	medium	1	True
GB_GCA_011366845.1	0.75	0.92	0.58	0.33	0.33	medium	1	False
GB_GCA_011364225.1	0.03	0.15	0.67	0.61	0.35	high	0	True
GB_GCA_011369685.1	0.33	0.79	0.55	0.95	0.74	low	1	True
GB_GCA_002254665.1	0.25	0.82	0.66	0.79	0.64	medium	1	False
RS_GCF_000092185.1	0.53	0.11	0.33	0.92	0.75	high	1	False
GB_GCA_011053855.1	0.92	0.93	0.24	1.0	0.12	high	1	False
GB_GCA_003661825.1	0.68	0.23	0.13	0.67	0.17	medium	1	False
RS_GCF_000015945.1	0.38	0.69	0.17	0.87	0.99	medium	1	False
RS_GCF_000092465.1	0.4	0.98	0.92	0.69	0.28	high	0	False
GB_GCA_013154205.1	0.83	0.03	0.75	0.91	0.24	medium	1	True
GB_GCA_011388575.1	0.88	0.82	0.8	0.56	0.73	low	1	True
GB_GCA_011375585.1	0.14	0.77	0.54	0.78	0.26	medium	1	True
GB_GCA_011366815.1	0.72	0.99	0.29	0.39	0.38	medium	0	True
GB_GCA_011366545.1	0.95	0.14	1.0	0.48	0.06	medium	0	False
GB_GCA_011330825.1	0.75	0.58	0.28	0.2	0.38	medium	1	False
GB_GCA_011362275.1	0.13	0.34	0.77	0.28	0.29	medium	1	True
GB_GCA_011364515.1	0.14	0.16	0.84	0.61	0.81	low	1	False
GB_GCA_011366635.1	0.6	0.29	0.34	0.73	0.47	high	1	False
GB_GCA_011051125.1	0.01	0.08	0.2	0.72	0.02	high	0	True
GB_GCA_011361755.1	0.38	0.89	0.11	0.36	0.17	high	0	False
GB_GCA_011380255.1	0.89	0.63	0.23	0.99	0.16	medium	0	True
GB_GCA_011364155.1	0.83	0.36	0.39	0.78	0.36	high	1	True
GB_GCA_011055355.1	0.9	0.24	0.55	0.52	0.76	medium	1	True
GB_GCA_011057405.1	0.03	0.86	0.33	0.65	0.54	medium	1	False
GB_GCA_000145985.1	0.03	0.12	0.69	0.56	0.18	medium	0	False
GB_GCA_003661865.1	0.74	0.22	0.86	0.25	0.08	low	1	False
GB_GCA_003661775.1	0.46	0.86	0.34	0.59	0.79	high	1	False
GB_GCA_003661905.1	0.46	0.73	0.79	0.63	0.58	low	1	True
GB_GCA_013154235.1	0.57	0.2	0.91	0.45	0.86	low	0	False
RS_GCF_002194565.1	0.24	0.49	0.22	0.97	0.67	high	0	True
RS_GCF_001412615.1	0.05	0.41	0.23	0.88	0.27	medium	1	True
RS_GCF_001462395.1	0.2	0.82	0.06	0.43	0.34	low	1	True
GB_GCA_013153145.1	0.22	0.51	0.92	0.55	0.72	high	0	True
GB_GCA_013153105.1	0.52	0.92	0.03	0.35	0.75	low	1	True
GB_GCA_013540595.1	0.94	0.96	0.27	0.19	0.75	low	0	True
GB_GCA_003978665.1	0.92	0.42	0.82	0.41	0.67	high	1	False
RS_GCF_000223395.1	0.08	0.87	0.96	0.14	0.9	high	1	False
RS_GCF_000015145.1	0.26	0.48	0.13	0.48	0.41	high	1	False
RS_GCF_000017945.1	0.73	0.86	0.81	0.14	0.11	high	1	True
GB_GCA_013329705.1	0.92	0.93	0.2	0.02	0.08	medium	0	True
GB_GCA_013154085.1	0.62	0.19	0.97	0.08	0.9	medium	1	False
RS_GCF_001481685.1	0.88	0.15	0.65	0.05	0.09	medium	0	True
GB_GCA_011380355.1	0.37	0.25	0.52	0.62	0.59	high	0	False
GB_GCA_000398765.1	0.37	0.05	0.26	0.8	0.72	low	1	True
GB_GCA_000405885.1	0.98	0.86	0.49	0.03	0.85	medium	1	True
GB_GCA_000380705.1	0.43	0.47	0.24	0.12	0.84	high	0	True
GB_GCA_000494205.1	0.33	0.1	0.36	0.18	0.13	medium	1	False
GB_GCA_000399825.1	0.08	0.72	0.63	0.1	0.04	medium	0	True
GB_GCA_000402095.1	0.59	0.28	0.88	0.48	0.18	high	0	False
GB_GCA_011056475.1	0.34	0.58	0.66	0.78	0.8	high	1	False
GB_GCA_000375685.1	0.44	0.6	0.57	0.57	0.06	low	0	False
GB_GCA_003019475.1	0.58	0.61	0.84	0.84	0.05	high	1	False
GB_GCA_003019535.1	0.55	0.74	0.4	0.74	0.15	high	1	False
GB_GCA_003019515.1	0.84	0.39	0.27	0.49	0.52	high	1	False
GB_GCA_003019545.1	0.65	0.64	0.23	0.64	0.4	medium	0	True
GB_GCA_003019485.1	0.65	0.82	0.34	0.44	0.86	low	0	False
GB_GCA_003019345.1	0.23	0.69	0.45	1.0	0.46	high	1	True
RS_GCF_902812505.1	0.7	0.33	0.46	0.83	0.16	high	1	True
GB_GCA_003019415.1	0.2	0.49	0.6	0.56	0.9	medium	1	False
GB_GCA_003019385.1	0.95	0.61	0.67	0.76	0.45	low	1	False
GB_GCA_003019595.1	0.72	0.16	0.95	0.11	0.23	medium	0	True
GB_GCA_003019615.1	0.35	0.19	0.04	0.52	0.2	medium	1	True
GB_GCA_011055275.1	0.56	0.66	0.74	0.72	0.67	medium	0	True
GB_GCA_002507085.1	0.63	0.29	0.31	0.17	0.95	low	1	True
GB_GCA_009889555.1	0.25	0.76	0.49	0.53	0.86	medium	1	True
RS_GCF_000007225.1	0.92	0.45	0.15	0.75	0.29	low	0	False
GB_GCA_013329805.1	0.59	0.82	0.38	0.18	0.29	high	1	False
RS_GCF_003400145.1	0.3	0.41	0.35	0.41	0.04	low	1	False
RS_GCF_003400025.1	0.32	0.26	0.01	0.65	0.61	low	1	True
GB_GCA_009888185.1	0.98	0.79	0.27	0.01	0.92	medium	0	False
RS_GCF_000016385.1	0.66	0.76	0.24	0.6	0.26	low	0	True
RS_GCF_013414235.1	0.24	0.69	0.96	0.93	0.85	high	1	False
GB_GCA_000247545.1	0.9	0.89	0.02	0.28	0.67	medium	1	True
GB_GCA_001189275.1	0.02	0.99	0.27	0.71	0.47	high	1	True
GB_GCA_000015805.1	0.34	0.56	0.43	0.44	0.33	low	1	False
RS_GCF_000234805.1	0.5	0.94	0.97	0.16	0.19	low	0	True
RS_GCF_000015205.1	0.5	0.28	0.9	0.44	0.38	high	1	True
RS_GCF_000019805.1	0.97	0.79	0.75	0.99	0.8	low	1	True
GB_GCA_009903905.1	0.64	0.25	0.04	0.2	0.24	medium	0	False
RS_GCF_002077075.2	0.74	0.01	0.12	0.99	0.93	high	0	False
GB_GCA_001516665.1	0.18	0.99	0.7	0.47	0.62	high	1	False
GB_GCA_001516655.1	0.98	0.36	0.62	0.02	1.0	high	1	False
GB_GCA_011056725.1	0.9	0.5	0.24	0.82	0.11	medium	0	True
RS_GCF_000253055.1	0.27	0.79	0.5	0.66	0.38	high	1	True
GB_GCA_009903945.1	0.32	0.06	0.98	0.09	0.67	low	0	False
GB_GCA_002497345.1	0.38	0.21	0.72	0.75	0.86	low	0	True
GB_GCA_000960885.1	0.94	0.13	0.98	0.13	0.81	high	0	True
RS_GCF_000193375.1	0.16	0.96	0.26	0.59	0.84	low	0	False
GB_GCA_009903815.1	0.62	0.87	0.8	0.11	0.75	low	1	False
GB_GCA_001516725.1	0.75	0.64	0.95	0.62	0.63	medium	0	False
GB_GCA_011054495.1	0.94	0.89	0.18	0.91	0.22	low	0	True
RS_GCF_001663375.1	0.99	0.05	0.04	0.67	0.82	high	0	False
GB_GCA_002506515.1	0.39	0.23	0.34	0.1	0.85	medium	1	False
RS_GCF_000018305.1	0.01	0.6	0.74	0.89	0.36	low	1	True
GB_GCA_001516765.1	0.69	0.47	0.77	0.18	0.36	medium	0	False
GB_GCA_009903725.1	0.24	0.76	0.51	0.8	0.61	high	0	True
GB_GCA_001516705.1	0.53	0.85	0.74	0.39	0.33	medium	1	True
GB_GCA_014646555.1	0.44	0.08	0.52	1.0	0.24	high	1	True
GB_GCA_001316025.1	0.67	0.46	0.2	0.27	0.1	high	0	True
GB_GCA_001316145.1	0.7	0.17	0.63	0.22	0.97	high	0	True
RS_GCF_000148385.1	0.95	0.86	0.18	0.27	0.77	low	1	False
GB_GCA_001316005.1	0.27	0.25	0.62	0.83	0.41	high	0	False
GB_GCA_001316285.1	0.62	0.54	0.67	0.64	0.9	low	0	True
GB_GCA_001315985.1	0.8	0.69	0.28	0.02	0.33	low	1	False
GB_GCA_002506645.1	0.38	0.14	0.83	0.95	0.27	low	1	False
RS_GCF_000190315.1	0.1	0.27	0.72	0.86	0.54	low	1	True
GB_GCA_001316125.1	0.41	0.62	0.02	0.06	0.69	medium	0	True
GB_GCA_001316245.1	0.6	0.33	0.19	0.34	0.69	high	1	False
GB_GCA_001316265.1	0.26	0.15	0.28	0.78	0.86	medium	0	True
GB_GCA_002496475.1	0.02	0.54	0.62	0.2	0.01	medium	0	False
GB_GCA_014646535.1	0.24	0.62	0.18	0.56	0.85	medium	0	True
RS_GCF_001315925.1	0.33	0.18	0.31	0.2	0.41	high	1	False
GB_GCA_001516585.1	0.41	0.21	0.3	0.05	0.41	low	0	False
GB_GCA_002508315.1	0.83	0.47	0.08	0.64	0.58	high	1	True
GB_GCA_013153895.1	0.67	0.46	0.23	0.65	0.86	low	1	True
GB_GCA_013154355.1	0.97	0.99	0.62	0.72	0.14	low	1	True
GB_GCA_013153275.1	0.33	0.95	0.45	0.74	0.3	medium	0	True
GB_GCA_002254895.1	0.76	0.41	0.35	0.92	0.87	medium	1	True
RS_GCF_001748385.1	0.58	0.84	0.76	0.47	0.8	medium	0	False
GB_GCA_003649205.1	0.02	0.12	0.53	0.8	0.14	low	1	False
GB_GCA_011046265.1	0.88	0.05	0.72	0.38	0.92	medium	1	False
RS_GCF_000446015.1	0.62	0.87	0.0	0.01	0.94	low	1	False
RS_GCF_000813245.1	0.46	0.87	0.89	0.37	0.13	low	1	False
GB_GCA_009903875.1	0.63	0.71	0.6	0.05	0.39	high	1	True
RS_GCF_000015225.1	0.15	0.43	0.92	0.7	0.54	high	1	False
GB_GCA_003649495.1	0.09	0.59	0.56	0.73	0.38	high	1	False
GB_GCA_003649375.1	0.37	0.9	0.14	0.2	0.69	low	1	True
GB_GCA_011375505.1	0.86	0.78	0.65	0.94	0.07	high	1	True
GB_GCA_011053655.1	0.71	0.36	0.96	0.77	0.66	medium	1	False
GB_GCA_011372935.1	0.93	0.95	0.26	0.65	0.89	low	1	True
GB_GCA_011055445.1	0.27	0.9	0.3	0.28	0.39	medium	1	True
GB_GCA_011369665.1	0.1	0.53	0.87	0.18	0.01	low	0	False
GB_GCA_011364205.1	0.51	0.77	0.51	0.75	0.27	high	1	True
GB_GCA_011364825.1	0.83	0.7	0.33	0.41	0.29	medium	0	False
GB_GCA_011051395.1	0.24	0.41	0.47	0.8	0.22	high	1	True
GB_GCA_011372985.1	0.81	0.01	0.56	0.7	0.87	low	1	True
GB_GCA_011363115.1	0.29	0.88	0.47	0.48	0.61	low	1	True
GB_GCA_011047595.1	0.77	0.47	0.33	0.8	0.77	high	1	False
GB_GCA_002855745.1	0.12	0.05	0.4	0.16	0.41	medium	1	False
RS_GCF_000993805.1	0.71	0.7	0.2	0.39	0.34	low	1	True
GB_GCA_011039795.1	0.92	0.51	0.13	0.04	0.48	high	0	True
GB_GCA_003649225.1	0.12	0.24	0.8	0.15	0.96	high	1	False
GB_GCA_003650815.1	0.63	0.93	0.59	0.42	0.28	high	0	True
GB_GCA_003649305.1	0.83	0.67	0.04	0.75	0.88	medium	1	False
GB_GCA_003649445.1	0.89	0.7	0.5	0.92	0.66	low	1	True
GB_GCA_003649345.1	0.87	0.92	0.63	0.37	0.39	low	1	True
GB_GCA_003649515.1	0.4	0.89	0.44	0.76	0.63	low	1	False
GB_GCA_003650785.1	0.63	0.46	0.15	0.21	0.86	low	1	True
GB_GCA_003650675.1	0.73	0.45	0.86	0.79	0.05	high	0	False
GB_GCA_002254595.1	0.47	0.3	0.61	0.48	0.96	medium	1	True
GB_GCA_003649235.1	0.81	0.89	0.52	0.09	0.04	high	1	True
GB_GCA_003650925.1	0.83	0.79	0.18	0.57	0.39	high	1	True
GB_GCA_003650905.1	0.79	0.1	0.16	0.57	0.97	high	1	True
GB_GCA_003649685.1	0.73	0.37	0.54	0.74	0.81	low	0	False
GB_GCA_003649665.1	0.9	0.13	0.99	0.56	0.4	high	1	True
GB_GCA_002254745.1	0.72	0.31	0.17	0.14	0.45	medium	0	True
GB_GCA_011375895.1	0.45	0.79	0.32	0.97	0.87	medium	0	True
GB_GCA_010028325.1	0.49	0.13	0.76	0.75	0.23	low	0	False
GB_GCA_010030505.1	0.34	0.92	0.06	0.89	0.2	low	1	False
GB_GCA_010030475.1	0.97	0.95	0.92	0.08	0.86	high	1	True
GB_GCA_010028385.1	0.26	0.9	0.79	0.19	0.18	medium	1	False
GB_GCA_010030375.1	0.21	0.82	0.09	1.0	0.21	low	1	True
GB_GCA_010030425.1	0.25	0.01	0.28	0.19	0.5	low	1	True
GB_GCA_010028465.1	0.29	0.76	0.78	0.69	0.23	low	0	True
GB_GCA_010028495.1	0.13	0.27	0.62	0.56	0.95	high	0	False
GB_GCA_010030525.1	0.52	0.67	0.92	0.51	0.65	low	0	True
GB_GCA_010028435.1	0.21	0.2	0.95	0.42	0.59	high	0	True
GB_GCA_010028425.1	0.53	0.57	0.41	0.91	0.67	medium	0	True
GB_GCA_010028485.1	0.12	0.07	0.87	0.52	0.07	medium	1	False
GB_GCA_002499525.1	0.4	0.61	0.07	0.16	0.98	medium	0	False
GB_GCA_013331435.1	0.78	0.1	0.59	0.29	0.16	high	0	True
GB_GCA_013329425.1	0.52	0.06	0.93	0.92	0.61	medium	1	False
GB_GCA_013330565.1	0.98	0.83	0.99	0.4	0.33	high	0	True
GB_GCA_013330645.1	0.97	0.1	0.82	0.89	0.69	low	1	True
GB_GCA_002498105.1	0.7	0.54	0.25	0.41	0.82	low	0	False
GB_GCA_004322465.1	0.43	0.88	0.45	0.42	0.23	high	1	False
RS_GCF_000685395.1	0.38	0.55	0.55	0.13	0.16	high	0	True
GB_GCA_900299125.1	0.31	0.36	0.13	0.37	0.73	high	1	True
RS_GCF_000955905.1	0.79	0.08	0.38	0.13	0.18	medium	0	False
GB_GCA_005240025.1	0.52	0.67	0.52	0.35	0.5	high	0	False
RS_GCF_002787055.1	0.89	0.42	0.12	0.91	0.37	medium	0	True
RS_GCF_013407275.1	0.73	0.89	0.72	0.04	0.97	low	0	True
RS_GCF_000723185.1	0.4	0.89	0.38	0.69	0.4	low	0	False
RS_GCF_013390485.1	0.17	0.95	0.5	0.91	0.52	high	0	True
RS_GCF_013390855.1	0.13	0.25	0.92	0.79	0.77	medium	0	True
RS_GCF_013390865.1	0.13	0.68	0.36	0.44	0.86	low	1	False
RS_GCF_013390395.1	0.35	0.89	0.55	0.35	0.59	medium	0	True
RS_GCF_013390845.1	0.26	0.07	0.59	0.77	0.17	high	0	False
RS_GCF_013390875.1	0.61	0.55	0.14	0.07	0.74	low	1	True
RS_GCF_013390495.1	0.75	0.68	0.85	0.56	0.33	high	1	True
RS_GCF_013390475.1	0.43	0.21	0.51	0.13	0.18	low	1	False
GB_GCA_012928605.1	0.75	0.17	0.9	0.93	0.38	high	0	False
RS_GCF_013390905.1	0.65	0.55	0.43	0.02	0.42	medium	0	False
GB_GCA_002737455.1	0.6	0.72	0.84	0.46	0.66	high	1	False
GB_GCA_005799035.1	0.34	0.88	0.75	0.08	0.35	medium	1	True
GB_GCA_005787845.1	0.69	0.85	0.43	0.97	0.06	high	0	True
GB_GCA_005790655.1	0.71	0.85	0.17	0.4	0.68	medium	1	True
GB_GCA_001510225.1	0.87	0.01	0.68	0.04	0.33	medium	1	True
GB_GCA_005778305.1	0.91	0.29	0.63	0.23	0.83	low	0	True
GB_GCA_005798385.1	0.35	0.9	0.58	0.98	0.44	low	1	True
GB_GCA_009694705.1	0.55	0.33	0.66	0.45	0.73	high	0	False
GB_GCA_013329465.1	0.27	0.24	0.71	0.87	0.2	high	0	True
GB_GCA_002508395.1	0.68	0.76	0.52	0.95	0.06	medium	0	False
GB_GCA_013329365.1	0.51	0.16	0.76	0.31	0.04	medium	0	False
GB_GCA_001437625.1	0.69	0.6	0.63	0.83	0.2	high	1	False
GB_GCA_000746765.1	0.58	0.96	0.01	0.84	0.22	high	0	False
GB_GCA_000722915.1	0.08	0.34	0.62	0.81	0.52	low	1	True
GB_GCA_000746745.1	0.35	0.48	0.69	0.78	0.49	medium	1	True
GB_GCA_011088205.1	0.62	0.42	0.17	0.07	0.2	low	0	False
GB_GCA_011087695.1	0.59	0.9	0.2	0.26	0.18	low	0	False
GB_GCA_014075315.1	0.81	0.82	0.71	0.07	0.66	low	0	False
GB_GCA_003724325.1	0.98	0.36	0.32	0.78	0.28	low	1	False
GB_GCA_003724255.1	0.77	0.22	0.17	0.73	0.33	high	1	True
GB_GCA_003331425.1	0.07	0.07	0.4	0.15	0.39	high	1	True
GB_GCA_002690535.1	0.76	0.74	0.12	0.85	0.51	low	0	True
GB_GCA_000724145.1	0.13	0.91	0.6	0.35	0.42	medium	0	True
GB_GCA_000746785.1	0.37	0.23	0.37	0.28	0.84	low	1	True
RS_GCF_014078535.1	0.33	0.33	0.83	0.52	0.09	medium	1	False
RS_GCF_000875775.1	0.07	0.05	0.94	0.6	0.22	medium	0	False
GB_GCA_003702495.1	0.15	0.81	0.37	0.95	0.03	high	0	False
GB_GCA_008080855.1	0.27	0.87	0.43	0.56	0.86	medium	0	False
GB_GCA_003724285.1	0.2	0.29	0.19	0.55	0.34	high	1	True
GB_GCA_003724235.1	0.92	0.79	0.31	0.77	0.19	medium	1	True
RS_GCF_000299365.1	0.19	0.84	0.42	0.39	0.7	high	1	False
RS_GCF_000328945.1	0.1	0.85	0.96	0.18	0.48	high	1	True
GB_GCA_007571005.1	0.74	0.4	0.74	0.08	0.28	medium	1	False
GB_GCA_007571135.1	0.16	0.06	0.63	0.18	0.39	low	0	False
GB_GCA_002494985.1	0.23	0.15	0.1	0.75	0.89	high	1	True
GB_GCA_002506665.1	0.79	0.01	0.16	0.47	0.36	high	0	False
GB_GCA_013043295.1	0.56	0.3	0.06	0.89	0.6	low	1	True
GB_GCA_013002265.1	0.71	0.78	0.44	0.91	0.24	low	0	True
GB_GCA_002730325.1	0.14	0.81	0.96	0.83	0.76	medium	0	True
RS_GCF_001541925.1	0.19	0.93	0.92	0.92	0.78	low	0	False
RS_GCF_000956175.1	0.15	0.78	0.22	0.29	0.93	high	0	True
RS_GCF_013407185.1	0.94	0.32	0.95	0.16	0.15	high	1	False
GB_GCA_000746685.1	0.76	0.47	0.01	0.86	0.13	medium	0	False
GB_GCA_003702525.1	0.16	0.14	0.49	0.07	0.11	low	1	False
GB_GCA_902514275.1	0.5	0.62	0.45	0.92	0.88	medium	1	True
RS_GCF_000242875.2	0.33	0.94	0.58	0.43	0.68	medium	0	False
GB_GCA_003702465.1	0.67	0.93	0.75	0.36	0.77	high	0	False
RS_GCF_000299395.1	0.1	0.28	0.95	0.81	0.44	low	0	True
GB_GCA_001543015.1	0.11	0.11	0.53	0.4	0.44	medium	0	True
RS_GCF_013407145.1	0.38	0.01	0.34	0.06	0.8	low	0	True
GB_GCA_002788515.1	0.15	0.66	0.94	0.24	0.18	low	1	False
GB_GCA_000484975.1	0.88	0.3	0.6	0.74	0.25	low	0	True
GB_GCA_013215285.1	0.77	0.78	0.48	0.13	0.35	high	0	False
RS_GCF_000018465.1	0.79	0.44	0.25	0.7	0.74	low	0	True
GB_GCA_003702545.1	0.01	0.28	0.85	0.0	0.21	high	0	True
RS_GCF_013407165.1	0.59	0.19	0.21	0.84	0.19	low	0	True
GB_GCA_008080815.1	0.17	0.13	0.02	0.76	0.63	medium	1	False
RS_GCF_003175215.1	0.96	0.7	0.08	0.39	0.49	medium	0	True
RS_GCF_002156965.1	0.85	0.14	0.01	0.91	0.94	high	0	True
GB_GCA_013911135.1	0.29	0.3	0.63	0.19	0.1	high	1	False
GB_GCA_013867245.1	0.65	0.23	0.27	0.03	0.43	medium	1	True
GB_GCA_001510275.1	0.38	0.67	0.74	0.86	0.91	low	0	False
GB_GCA_013203245.1	0.73	0.61	0.02	0.05	0.76	low	0	False
GB_GCA_007571225.1	0.89	0.03	0.93	0.57	0.9	high	1	False
GB_GCA_014384555.1	0.93	0.04	0.29	0.68	0.56	medium	0	True
GB_GCA_014384445.1	0.96	0.21	0.58	0.6	0.26	high	1	False
RS_GCF_006740685.1	0.93	0.5	0.62	0.45	0.62	low	0	False
RS_GCF_014078525.1	0.66	0.54	0.14	0.21	0.52	high	0	True
RS_GCF_900620265.1	0.12	0.07	0.69	0.58	0.69	high	1	True
GB_GCA_002317795.1	0.3	0.8	0.13	0.66	0.75	medium	0	False
GB_GCA_902514095.1	0.28	0.94	0.84	0.45	0.06	low	1	True
GB_GCA_009842575.1	0.93	0.43	0.2	0.34	0.98	low	1	False
GB_GCA_009837825.1	0.69	0.58	0.23	0.77	0.36	high	0	False
GB_GCA_009844325.1	0.99	0.63	0.19	0.17	0.01	high	1	True
GB_GCA_009841735.1	0.51	0.01	0.65	0.16	0.8	high	1	False
GB_GCA_009837245.1	0.53	0.77	0.54	0.94	0.55	medium	1	False
GB_GCA_009841175.1	0.47	0.85	0.68	0.82	0.8	low	0	False
GB_GCA_009844685.1	0.81	0.15	0.47	0.45	0.47	high	1	True
GB_GCA_009836545.1	0.14	0.07	0.91	0.0	0.13	low	0	True
GB_GCA_009840065.1	0.99	0.44	0.86	0.83	0.43	low	0	True
GB_GCA_009843815.1	0.71	0.6	0.5	0.61	0.42	low	0	False
GB_GCA_009839185.1	0.65	0.45	0.85	0.52	0.09	medium	1	True
GB_GCA_009846455.1	0.9	0.51	0.79	0.34	0.98	medium	0	False
GB_GCA_902567315.1	0.93	0.35	0.93	0.88	0.96	high	1	False
RS_GCF_000812185.1	0.12	0.21	0.59	0.55	0.85	medium	1	False
GB_GCA_902591065.1	0.27	0.79	0.64	0.55	0.25	low	0	False
GB_GCA_012928565.1	0.26	0.15	0.32	0.07	0.19	high	1	True
RS_GCF_003045125.1	0.92	0.63	0.16	0.47	0.18	high	1	False
GB_GCA_902592435.1	0.34	0.73	0.99	0.58	0.88	medium	0	False
GB_GCA_902588995.1	0.6	0.82	0.01	0.28	0.73	medium	0	False
GB_GCA_001627235.1	0.79	0.01	0.94	0.12	0.18	high	1	False
GB_GCA_001627075.1	0.31	0.71	0.51	0.98	0.06	low	0	True
GB_GCA_001627015.1	0.96	0.5	0.22	0.69	0.51	medium	0	True
GB_GCA_002724795.1	0.03	0.81	0.34	0.7	0.35	high	0	False
GB_GCA_001627095.1	0.68	0.39	0.74	0.12	0.86	high	1	True
RS_GCF_013390375.1	0.46	0.34	0.16	0.56	0.23	high	1	False
GB_GCA_000484935.1	0.37	0.0	0.33	0.56	0.38	low	1	False
GB_GCA_000484895.1	0.23	0.96	0.1	0.78	0.72	high	0	False
RS_GCF_013390385.1	0.09	0.36	0.43	0.71	0.7	low	1	True
GB_GCA_000402075.1	0.75	0.19	0.37	0.53	0.71	high	1	True
GB_GCA_014384145.1	0.21	0.91	0.35	0.52	0.93	medium	0	False
GB_GCA_902512865.1	0.04	0.22	0.74	0.71	0.46	medium	1	True
GB_GCA_902608175.1	0.96	0.7	0.87	0.49	0.79	high	1	True
GB_GCA_002698885.1	0.48	0.45	0.94	0.84	0.41	high	0	False
GB_GCA_001510295.1	0.91	0.03	0.68	0.76	0.78	low	0	False
GB_GCA_902606945.1	0.35	0.04	0.19	0.64	0.22	medium	0	True
GB_GCA_002709285.1	0.11	0.11	0.8	0.18	0.55	high	1	True
GB_GCA_012964965.1	0.77	0.34	0.58	0.53	0.96	low	1	True
RS_GCF_013390745.1	0.91	0.82	0.56	0.95	0.57	medium	1	True
GB_GCA_902578515.1	0.67	0.23	0.78	0.45	0.58	low	1	False
GB_GCA_902590655.1	0.16	0.92	0.4	0.4	0.98	high	1	False
GB_GCA_902606965.1	0.21	0.43	0.07	0.94	0.29	low	1	False
GB_GCA_000746705.1	0.04	0.75	0.83	0.2	0.51	medium	0	False
RS_GCF_013390765.1	0.86	0.42	0.8	0.53	0.64	low	1	False
GB_GCA_902566725.1	0.1	0.3	0.48	0.63	0.77	low	0	True
RS_GCF_013390785.1	0.22	0.82	0.27	0.19	0.04	high	0	False
GB_GCA_902511735.1	0.02	0.4	0.27	0.28	0.99	high	0	False
GB_GCA_902552015.1	0.69	0.77	0.89	0.58	0.76	medium	0	False
GB_GCA_013867335.1	0.37	0.82	0.76	0.27	0.8	medium	1	True
GB_GCA_013867285.1	0.87	0.77	0.58	0.06	0.53	high	0	True
GB_GCA_013867345.1	0.51	0.35	0.57	0.83	0.81	medium	0	True
GB_GCA_013867305.1	1.0	0.54	0.21	0.56	0.74	medium	1	False
GB_GCA_009937485.1	0.11	0.71	0.74	0.23	0.11	low	0	False
GB_GCA_011773785.1	0.46	0.45	0.65	0.82	0.0	high	1	True
GB_GCA_011772925.1	0.9	0.22	0.55	0.37	0.22	medium	1	False
GB_GCA_011771385.1	0.45	0.38	0.66	0.69	0.17	medium	1	True
GB_GCA_011773125.1	0.12	0.31	0.25	1.0	0.35	high	1	True
GB_GCA_001917995.1	0.21	0.04	0.44	0.34	0.83	high	0	False
GB_GCA_005877475.1	0.26	0.6	0.32	0.33	0.74	medium	1	False
GB_GCA_001918475.1	0.09	0.09	1.0	0.7	0.41	low	0	True
GB_GCA_005877295.1	0.21	0.4	0.37	0.1	0.23	high	1	True
GB_GCA_001917505.1	0.57	0.53	0.8	0.37	0.02	high	0	False
GB_GCA_001918995.1	0.25	0.48	0.33	0.91	0.33	high	1	False
GB_GCA_001920395.1	0.75	0.31	0.56	0.5	0.79	low	0	True
GB_GCA_013289235.1	0.09	0.62	0.26	0.89	0.64	medium	1	False
GB_GCA_013288545.1	0.87	0.36	0.79	0.29	0.31	low	1	False
RS_GCF_011319465.1	0.31	0.91	0.18	0.72	0.0	low	0	False
RS_GCF_900143675.1	0.69	0.13	0.36	0.61	0.69	medium	0	False
RS_GCF_900177045.1	0.58	0.88	0.04	0.66	0.17	medium	1	False
RS_GCF_011319475.1	0.95	0.33	0.86	0.05	0.39	high	0	True
GB_GCA_005877205.1	0.08	0.96	0.81	0.14	0.34	high	0	True
GB_GCA_007280465.1	0.39	0.28	0.35	0.79	0.62	high	0	True
RS_GCF_900065925.1	0.2	0.64	0.91	0.92	0.28	low	0	False
RS_GCF_900167955.1	0.17	0.18	0.73	1.0	0.21	medium	1	False
GB_GCA_005798405.1	0.65	0.48	0.99	0.56	0.71	medium	0	True
GB_GCA_005798995.1	0.47	0.01	0.4	0.27	0.17	medium	1	False
GB_GCA_005790695.1	0.56	0.69	0.32	0.43	0.78	medium	1	False
GB_GCA_005776525.1	0.46	0.38	0.95	0.18	0.77	high	1	True
GB_GCA_009697445.1	0.41	0.49	0.09	0.43	0.8	high	1	False
GB_GCA_013521055.1	0.99	0.44	0.89	0.95	0.73	high	0	False
GB_GCA_002737445.1	0.25	0.28	0.92	0.79	0.17	medium	1	False
GB_GCA_014193235.1	0.54	0.43	0.38	0.44	0.74	low	1	True
GB_GCA_003569705.1	0.67	0.48	0.27	0.02	0.47	low	0	True
GB_GCA_000204585.1	0.4	0.19	0.92	0.84	0.16	high	0	True
RS_GCF_000241145.1	0.18	0.89	0.68	0.05	0.48	high	0	False
RS_GCF_013407385.1	0.83	0.37	0.95	0.79	0.98	high	0	False
RS_GCF_000220175.1	0.41	0.3	0.91	0.28	0.92	low	1	False
GB_GCA_009697485.1	0.31	0.96	0.05	0.27	0.15	medium	1	True
GB_GCA_004297665.1	0.41	0.07	0.21	0.26	0.09	high	0	True
GB_GCA_013140415.1	0.15	0.9	0.55	0.2	0.31	low	1	False
GB_GCA_012030815.1	0.39	0.67	0.12	0.59	0.18	low	1	False
GB_GCA_003352265.1	0.7	0.8	0.31	0.51	0.61	low	0	False
GB_GCA_003352285.1	0.74	0.98	0.08	0.55	0.86	medium	0	True
GB_GCA_003352245.1	0.03	0.46	0.31	0.59	0.93	low	0	False
GB_GCA_003352295.1	0.6	1.0	0.91	0.45	0.4	medium	0	True
RS_GCF_014078545.1	0.17	0.98	0.87	0.32	0.54	high	0	True
GB_GCA_003724215.1	0.42	0.72	0.35	0.32	0.92	low	0	False
GB_GCA_003724275.1	0.56	0.57	0.98	0.63	0.78	low	0	True
GB_GCA_003724175.1	0.53	0.66	0.92	0.83	0.9	low	0	True
GB_GCA_000200715.1	0.3	0.41	0.08	0.81	0.39	high	1	True
GB_GCA_007570915.1	0.96	0.33	0.18	0.51	0.27	medium	1	False
GB_GCA_011523285.1	0.82	0.99	0.73	0.72	0.35	medium	0	False
GB_GCA_012271085.1	0.75	0.04	0.61	0.75	0.17	low	0	False
GB_GCA_005877115.1	0.99	0.54	0.87	0.24	0.95	medium	0	True
GB_GCA_005877305.1	0.61	0.29	0.29	0.16	0.01	low	1	True
GB_GCA_013287935.1	0.88	0.67	0.53	0.24	0.55	medium	1	False
GB_GCA_013287585.1	0.34	0.43	0.93	0.4	0.79	low	0	True
GB_GCA_007280335.1	0.85	0.72	0.13	0.44	0.95	high	0	False
GB_GCA_002781805.1	0.34	0.89	0.59	0.35	0.06	high	0	False
GB_GCA_008974855.1	0.87	0.03	0.76	0.89	0.56	medium	1	True
GB_GCA_001443365.1	0.25	0.39	0.29	0.22	0.89	high	1	False
GB_GCA_013330055.1	0.1	0.76	0.68	0.68	0.28	high	0	False
GB_GCA_011055585.1	0.59	0.48	0.83	0.57	0.52	high	0	False
GB_GCA_005877425.1	0.94	0.59	0.49	0.47	0.72	low	0	True
GB_GCA_002495135.1	0.39	0.12	0.11	0.77	0.66	low	1	False
GB_GCA_005877195.1	0.69	0.99	0.71	0.3	0.9	medium	1	False
GB_GCA_002495575.1	0.87	0.76	0.69	0.57	0.87	high	0	False
GB_GCA_002508435.1	0.86	0.64	0.3	0.92	0.25	high	0	False
GB_GCA_005877395.1	0.19	0.85	0.29	0.54	0.07	high	0	True
GB_GCA_001917965.1	0.47	0.29	0.15	0.21	0.51	medium	1	True
GB_GCA_002501845.1	0.84	0.14	0.91	0.96	0.63	medium	0	False
GB_GCA_002494895.1	0.86	0.48	0.88	0.07	0.53	low	1	False
GB_GCA_013388945.1	0.62	0.34	0.25	0.74	0.81	high	1	True
RS_GCF_000730285.1	0.78	0.35	0.41	0.65	0.46	high	0	False
RS_GCF_000303155.1	0.1	0.03	0.22	0.27	0.16	medium	0	False
RS_GCF_000698785.1	0.53	0.79	0.19	0.93	0.56	high	0	True
GB_GCA_013114715.1	0.29	0.36	0.25	0.79	0.93	medium	1	True
GB_GCA_002501935.1	0.81	0.3	0.06	0.49	0.37	medium	1	True
GB_GCA_002501855.1	0.2	0.28	0.39	0.34	0.46	high	0	True
GB_GCA_002495965.1	0.6	0.4	0.03	0.57	0.17	medium	0	True
GB_GCA_002498345.1	0.55	0.9	0.65	0.6	0.97	low	1	True
GB_GCA_002504425.1	0.62	0.8	0.33	0.64	0.93	high	0	False
GB_GCA_002496625.1	0.79	0.89	0.22	0.04	0.77	high	1	True
GB_GCA_003176995.1	0.0	0.37	0.88	0.78	0.79	low	0	True
GB_GCA_009665115.1	0.43	0.65	0.76	0.12	0.05	medium	1	True
RS_GCF_009898475.1	0.24	0.42	0.8	0.08	0.03	high	0	True
GB_GCA_005877385.1	0.65	0.79	0.07	0.45	0.95	high	0	True
GB_GCA_005877075.1	0.11	0.66	0.05	0.85	0.31	low	1	False
GB_GCA_005877095.1	0.54	0.1	0.81	0.34	0.83	low	0	False
GB_GCA_005877345.1	0.46	0.03	0.26	0.75	0.4	low	0	False
GB_GCA_014523595.1	0.72	0.07	0.75	0.68	0.54	high	1	True
GB_GCA_014523495.1	0.84	0.8	0.76	0.55	0.58	medium	1	False
GB_GCA_014523525.1	0.29	0.01	0.28	0.9	0.32	medium	1	False
RS_GCF_009861625.1	0.23	0.24	0.3	0.62	0.4	low	0	True
RS_GCF_008389435.1	0.08	0.87	0.82	0.31	0.99	medium	1	True
RS_GCF_001870125.1	0.39	0.75	0.96	0.28	0.34	low	0	False
GB_GCA_902826075.1	0.48	0.58	0.21	0.08	0.95	medium	0	False
GB_GCA_013114705.1	0.96	0.14	0.67	0.06	0.38	low	1	False
GB_GCA_013821245.1	0.49	0.87	0.67	0.11	0.21	low	0	False
RS_GCF_007826885.1	0.27	0.67	0.83	0.85	0.27	high	1	True
RS_GCF_900696045.1	0.51	0.68	0.14	0.8	1.0	low	0	True
GB_GCA_009379865.1	0.42	0.71	0.85	0.55	0.55	high	1	False
GB_GCA_013694585.1	0.94	0.18	0.01	0.98	0.75	high	1	True
GB_GCA_000802205.2	0.4	0.37	0.39	0.84	0.66	low	0	True
GB_GCA_014523665.1	0.19	0.45	0.13	0.75	0.02	low	0	False
GB_GCA_009377575.1	0.06	0.67	0.87	0.98	0.82	low	1	False
GB_GCA_014523625.1	0.08	0.44	0.15	0.48	0.33	low	0	True
GB_GCA_014523695.1	0.01	0.0	0.2	0.12	0.02	high	0	False
GB_GCA_014523515.1	0.62	0.86	0.28	0.13	0.86	high	0	True
GB_GCA_014523485.1	0.09	0.22	0.1	0.14	0.58	low	1	True
GB_GCA_013114725.1	0.15	0.88	0.95	0.07	0.75	low	1	True
GB_GCA_014523685.1	0.05	0.81	0.98	0.16	0.11	high	0	True
GB_GCA_013306055.1	0.39	0.63	0.73	0.69	0.48	medium	1	False
GB_GCA_013306135.1	0.99	0.83	0.07	0.34	0.19	low	1	True
GB_GCA_013306035.1	0.28	0.16	1.0	0.68	0.6	medium	1	False
GB_GCA_013306115.1	0.43	0.47	0.27	0.11	0.11	medium	1	True
GB_GCA_002494565.1	0.61	0.05	0.07	0.07	0.17	high	1	False
GB_GCA_013306075.1	0.53	0.25	0.75	0.81	0.34	medium	0	False
GB_GCA_002717165.1	0.88	0.01	0.16	0.43	0.11	low	0	False
GB_GCA_002495905.1	0.63	0.62	0.36	0.49	0.88	low	0	False
GB_GCA_002505305.1	0.88	0.8	0.87	0.16	0.2	low	0	True
GB_GCA_002508305.1	0.2	0.43	0.63	0.82	0.18	low	1	True
GB_GCA_013378375.1	0.96	0.65	0.05	1.0	0.76	high	0	False
GB_GCA_002693165.1	0.52	0.83	0.27	0.87	0.04	medium	1	False
GB_GCA_013378385.1	0.18	0.12	0.21	0.34	0.9	high	1	False
GB_GCA_002713205.1	0.62	0.35	0.97	0.99	0.71	low	1	True
RS_GCF_900248165.1	0.44	0.64	0.63	0.96	0.1	medium	0	True
RS_GCF_002906215.1	0.47	0.85	1.0	0.25	0.29	medium	0	False
GB_GCA_011058825.1	0.01	0.93	0.8	0.54	0.86	high	0	True
GB_GCA_002898445.1	0.58	0.32	0.94	0.47	0.35	high	1	True
GB_GCA_013538705.1	0.09	0.46	0.14	0.73	0.63	medium	0	False
GB_GCA_011373145.1	0.87	0.75	0.79	0.31	0.69	low	0	False
GB_GCA_013538805.1	0.06	0.75	0.57	0.98	0.69	medium	1	False
GB_GCA_013538695.1	0.36	0.14	0.71	0.73	0.71	medium	0	False
GB_GCA_002898655.1	0.93	0.73	0.62	0.81	0.64	medium	1	False
GB_GCA_013538675.1	0.19	0.93	0.18	0.28	0.49	medium	0	True
GB_GCA_013538715.1	0.48	0.56	0.09	0.44	0.39	low	1	True
GB_GCA_013538795.1	0.91	0.26	0.8	0.37	0.55	high	0	False
GB_GCA_005877455.1	0.13	0.28	0.94	0.66	0.24	low	1	True
GB_GCA_005877225.1	0.38	0.44	0.05	0.44	0.45	high	0	True
GB_GCA_005877275.1	0.94	0.57	0.39	0.82	0.56	high	1	False
GB_GCA_005877765.1	0.57	0.78	0.76	0.5	0.94	medium	1	False
GB_GCA_005877365.1	0.77	0.89	0.52	0.78	0.41	low	1	False
GB_GCA_002495205.1	0.78	0.66	0.63	0.53	0.06	high	0	True
GB_GCA_005877185.1	0.4	0.7	0.13	0.29	0.88	low	1	False
GB_GCA_003164815.1	0.59	0.03	0.65	0.28	0.26	high	1	True
GB_GCA_003139715.1	0.73	0.46	0.11	0.62	0.33	high	1	True
GB_GCA_003135575.1	0.17	0.62	0.92	0.62	0.67	high	1	False
RS_GCF_902812495.1	0.88	0.34	0.07	0.04	0.22	low	1	True
GB_GCA_002713325.1	0.74	0.5	0.39	1.0	0.54	medium	0	False
GB_GCA_012928585.1	0.82	0.01	0.99	0.95	0.17	low	0	False
GB_GCA_002494485.1	0.31	0.2	0.7	0.17	0.58	low	1	False
GB_GCA_011331095.1	0.97	0.91	0.8	0.0	0.79	medium	1	False
GB_GCA_011358735.1	0.17	0.12	0.98	0.35	0.06	low	0	True
GB_GCA_013388925.1	0.52	0.47	0.49	0.35	0.33	high	1	False
GB_GCA_011355215.1	0.8	0.66	0.8	0.87	0.79	high	1	True
GB_GCA_011605775.1	0.38	0.51	0.42	0.23	0.55	medium	0	False
GB_GCA_002495315.1	0.74	0.22	0.86	0.46	0.07	medium	1	False
RS_GCF_902812485.1	0.46	0.19	0.73	0.9	0.93	high	1	True
GB_GCA_013288145.1	0.79	0.2	0.66	0.76	0.75	medium	0	True
GB_GCA_011363045.1	0.56	0.82	0.03	0.26	0.92	low	1	False
GB_GCA_011331845.1	0.17	0.73	0.92	0.36	0.5	low	0	False
GB_GCA_011375525.1	0.61	0.21	0.21	0.07	0.05	high	1	True
GB_GCA_011056145.1	0.3	0.91	0.04	0.09	0.54	medium	1	True
GB_GCA_011369765.1	0.62	0.52	0.08	0.5	0.55	medium	0	False
GB_GCA_011364235.1	0.82	0.87	0.07	0.54	0.43	high	0	True
GB_GCA_003056285.1	0.68	0.93	0.28	0.27	0.37	high	0	False
GB_GCA_011364615.1	0.02	0.07	0.37	0.72	0.74	low	0	False
GB_GCA_011364075.1	0.65	0.58	0.66	0.9	0.04	medium	0	False
GB_GCA_011337925.1	0.4	0.73	0.44	0.09	0.75	low	0	False
GB_GCA_011375845.1	0.89	0.19	0.95	0.39	0.59	high	0	True
GB_GCA_000405685.1	0.64	0.33	0.29	0.06	0.52	low	1	False
GB_GCA_011363825.1	0.61	0.4	0.37	0.92	0.32	high	0	True
GB_GCA_003660635.1	0.74	0.08	0.91	0.47	0.69	medium	0	False
GB_GCA_002255105.1	0.69	0.97	0.15	0.35	0.6	high	0	True
GB_GCA_011373025.1	0.13	0.58	0.93	0.93	0.53	low	1	False
GB_GCA_000402965.1	0.65	0.88	0.12	0.17	0.59	medium	1	True
GB_GCA_000494185.1	0.32	0.64	0.85	0.2	0.84	medium	1	True
GB_GCA_000494145.1	0.38	0.32	0.35	0.86	0.37	low	0	False
GB_GCA_000405905.1	0.82	0.68	0.87	0.55	0.76	low	0	False
GB_GCA_011364265.1	0.86	0.85	0.66	0.65	0.7	low	1	False
GB_GCA_011369755.1	0.92	0.99	0.64	0.15	0.68	medium	0	True
GB_GCA_011362255.1	0.97	0.72	0.63	0.0	0.95	high	0	True
GB_GCA_011334935.1	0.47	0.9	0.97	0.0	0.28	high	0	True
GB_GCA_009889515.1	0.02	0.9	0.8	0.62	0.42	medium	1	False
GB_GCA_011373505.1	0.32	0.58	0.55	0.79	0.58	low	1	False
GB_GCA_002898395.1	0.04	0.29	0.48	0.33	0.22	medium	1	True
GB_GCA_011373385.1	0.58	0.12	0.29	0.25	0.39	medium	1	False
GB_GCA_011373365.1	0.78	0.69	0.33	0.86	0.44	medium	0	False
GB_GCA_011364605.1	0.05	0.38	0.64	0.66	0.76	medium	1	False
GB_GCA_011364015.1	0.2	0.35	0.52	0.87	0.63	low	0	False
GB_GCA_011373645.1	0.97	0.89	0.69	0.37	0.2	low	1	False
GB_GCA_000270325.1	0.47	0.99	0.55	0.51	0.56	high	1	True
GB_GCA_011373345.1	0.73	0.83	0.7	0.49	0.25	medium	1	True
GB_GCA_002898355.1	0.01	0.72	0.99	0.38	0.84	medium	1	False
GB_GCA_011043415.1	0.76	0.79	0.94	0.08	0.09	high	1	False
GB_GCA_003661505.1	0.56	0.96	0.07	0.74	0.16	low	1	False
GB_GCA_003661525.1	0.95	0.51	0.81	0.5	0.2	medium	1	True
GB_GCA_002011085.1	0.13	0.51	0.44	0.57	0.09	medium	1	False
GB_GCA_002011075.1	0.74	0.37	0.72	0.45	0.84	medium	0	True
GB_GCA_011054345.1	0.34	0.84	0.39	0.82	0.55	low	1	True
GB_GCA_009903775.1	0.73	0.82	0.66	0.1	0.45	high	0	False
RS_GCF_013340765.1	0.19	0.13	0.04	0.88	0.79	medium	1	True
GB_GCA_002506605.1	0.6	0.1	0.67	0.71	0.52	high	1	False
GB_GCA_002499005.1	0.75	0.1	0.16	0.74	0.66	low	0	True
GB_GCA_009903795.1	0.14	0.95	0.63	0.92	0.66	high	0	False
GB_GCA_011333845.1	0.11	0.91	0.59	0.06	0.98	high	1	False
GB_GCA_014361085.1	0.14	0.48	0.87	0.84	0.49	high	1	False
GB_GCA_903893145.1	0.61	0.57	0.51	0.65	0.65	high	0	False
GB_GCA_903833115.1	0.8	0.16	0.59	0.84	0.3	high	0	True
GB_GCA_903901015.1	0.17	0.52	0.15	0.8	0.64	high	1	False
GB_GCA_903884205.1	0.84	0.03	0.55	0.05	0.02	medium	1	True
GB_GCA_903865415.1	0.19	0.75	0.56	0.26	0.57	high	0	False
GB_GCA_009786255.1	0.68	0.1	0.08	0.1	0.11	medium	1	True
GB_GCA_009787585.1	0.12	0.96	0.18	0.96	0.87	high	1	True
GB_GCA_009786585.1	0.41	0.29	0.07	0.72	0.99	high	1	True
GB_GCA_009783705.1	0.03	0.45	0.07	0.79	0.01	low	0	True
GB_GCA_009778815.1	0.89	0.76	0.55	0.91	0.47	low	1	True
GB_GCA_003141855.1	0.81	0.01	0.95	0.62	0.09	low	1	True
GB_GCA_003141295.1	0.85	0.02	0.45	0.83	0.69	high	1	False
GB_GCA_009781675.1	0.8	0.91	0.89	0.15	0.24	high	0	False
GB_GCA_009785285.1	0.56	0.94	0.38	0.9	0.42	low	0	False
GB_GCA_009787255.1	0.48	0.89	0.96	0.68	0.94	high	1	False
GB_GCA_009787175.1	0.34	0.24	0.83	0.58	0.84	high	1	False
GB_GCA_009779045.1	0.18	0.58	0.64	0.16	0.24	high	0	False
GB_GCA_009784175.1	0.94	0.46	0.58	0.73	0.5	high	1	True
GB_GCA_012513715.1	0.88	0.54	0.7	0.12	0.63	high	1	False
GB_GCA_003151735.1	0.87	0.19	0.46	0.42	0.06	medium	0	False
GB_GCA_012515445.1	0.9	0.57	0.09	0.62	0.55	high	1	True
GB_GCA_011367965.1	0.04	0.88	0.52	0.78	0.62	low	1	True
GB_GCA_009781395.1	0.2	0.82	0.34	0.72	0.23	low	0	True
GB_GCA_003133625.1	0.1	0.83	0.43	0.2	0.51	low	1	True
GB_GCA_003164295.1	0.86	0.31	0.86	0.97	0.95	high	0	True
GB_GCA_003165195.1	0.99	0.12	0.19	0.01	0.42	high	0	True
GB_GCA_012511995.1	0.05	0.66	0.32	0.04	0.56	medium	0	False
GB_GCA_011332615.1	0.58	0.74	0.34	0.49	0.74	high	0	True
RS_GCF_003589585.1	0.29	0.03	0.57	0.51	0.88	low	1	True
GB_GCA_009778385.1	0.61	0.72	0.75	0.23	0.13	medium	1	True
GB_GCA_009776805.1	0.02	0.8	0.24	0.66	0.69	low	1	False
GB_GCA_011369675.1	0.2	0.52	0.03	0.75	0.61	low	1	True
GB_GCA_011388725.1	0.24	0.88	0.93	0.28	0.07	high	0	False
GB_GCA_011373895.1	0.06	0.19	0.54	0.46	0.68	high	1	True
GB_GCA_011046575.1	0.28	0.79	0.4	0.21	0.44	high	1	True
GB_GCA_011373445.1	0.49	0.54	0.8	0.93	0.15	low	0	False
GB_GCA_003661945.1	0.91	0.27	0.68	0.12	0.36	high	1	False
GB_GCA_011040605.1	0.71	0.3	0.49	0.99	0.75	low	0	True
GB_GCA_002010925.1	0.8	0.2	0.34	0.03	0.35	high	0	False
GB_GCA_002507245.1	0.59	0.5	0.75	0.78	0.87	low	1	False
GB_GCA_013330975.1	0.42	0.93	0.7	0.78	0.84	medium	0	True
GB_GCA_013330935.1	0.43	0.56	0.8	0.44	0.15	high	1	False
GB_GCA_003601665.1	0.69	0.35	0.75	0.98	0.42	medium	0	False
GB_GCA_003601605.1	0.74	0.48	0.68	0.31	0.88	high	0	False
GB_GCA_002010975.1	0.9	0.6	0.09	0.87	0.74	low	0	True
GB_GCA_011051215.1	0.15	0.59	0.38	0.55	0.89	medium	1	True
GB_GCA_011054055.1	0.67	0.66	0.3	0.79	0.51	low	1	False
GB_GCA_011366335.1	0.26	0.48	0.63	0.34	0.16	low	1	False
GB_GCA_011364805.1	0.98	0.4	0.87	0.65	0.62	high	0	True
GB_GCA_011374045.1	0.92	0.08	0.72	0.1	0.58	medium	0	True
GB_GCA_011373965.1	0.79	0.98	0.79	0.41	0.08	medium	0	True
GB_GCA_011366615.1	0.4	0.02	0.74	0.1	0.57	medium	0	True
GB_GCA_011364585.1	0.07	0.87	0.53	0.48	0.48	high	1	False
GB_GCA_003662705.1	0.96	0.2	0.5	0.66	0.27	medium	1	False
GB_GCA_003601785.1	0.17	0.21	0.91	0.92	0.23	medium	0	False
GB_GCA_003662325.1	0.41	0.57	0.42	0.94	0.59	high	1	True
GB_GCA_004376975.1	0.32	0.32	0.44	0.82	0.26	low	1	True
GB_GCA_011370995.1	0.12	0.52	0.73	0.05	0.73	medium	0	False
GB_GCA_007050895.1	0.44	0.72	0.0	0.23	0.88	high	0	False
GB_GCA_001273335.1	0.75	0.41	0.79	0.02	0.95	low	0	False
GB_GCA_013388895.1	0.43	0.58	0.74	0.26	0.4	high	0	False
GB_GCA_013388905.1	0.69	0.42	0.98	0.39	0.72	low	0	False
GB_GCA_011334665.1	0.09	0.98	0.91	0.61	0.43	medium	1	True
GB_GCA_011053435.1	0.35	0.68	0.01	0.02	0.34	low	1	True
GB_GCA_009889605.1	0.17	0.41	0.7	0.59	0.89	low	1	False
GB_GCA_003601875.1	0.94	0.45	0.29	0.26	0.54	low	0	True
GB_GCA_001273385.1	0.83	0.93	0.03	0.56	0.96	low	1	False
GB_GCA_002779555.1	0.39	0.81	0.98	0.33	0.26	medium	0	False
GB_GCA_003601845.1	0.92	0.91	0.43	0.99	0.23	low	0	False
GB_GCA_001593925.1	0.16	1.0	0.79	0.43	0.69	low	1	False
GB_GCA_002254475.1	0.13	0.85	0.26	0.54	0.32	low	1	True
GB_GCA_001593935.1	0.92	0.3	0.92	0.37	0.72	high	0	True
GB_GCA_011366715.1	0.31	0.94	0.95	0.46	0.37	medium	1	False
GB_GCA_011364715.1	0.22	0.45	0.56	0.63	0.71	medium	1	True
GB_GCA_011363945.1	0.36	0.43	0.81	0.13	0.8	low	0	True
GB_GCA_011364385.1	0.53	0.22	0.32	0.14	0.59	medium	1	False
GB_GCA_011366945.1	0.84	0.13	0.76	0.68	0.19	medium	0	True
GB_GCA_011380195.1	0.66	0.67	0.2	0.25	0.65	high	1	True
GB_GCA_011363705.1	0.32	0.35	0.92	0.54	0.31	high	0	False
GB_GCA_003662645.1	0.72	0.7	0.69	0.67	0.34	high	1	True
GB_GCA_003601695.1	0.46	0.66	0.38	0.35	0.82	high	1	False
GB_GCA_003661975.1	0.85	0.59	0.37	0.11	0.02	high	1	False
GB_GCA_001593845.1	0.36	0.78	0.92	0.42	0.83	medium	1	True
GB_GCA_003601725.1	0.81	0.39	0.31	0.15	0.14	high	0	False
GB_GCA_003601835.1	0.22	0.72	0.39	0.51	0.47	low	1	True
GB_GCA_001399795.1	0.81	0.45	0.06	0.05	0.13	low	0	False
GB_GCA_002509245.1	0.12	0.13	0.41	0.68	0.51	medium	1	False
GB_GCA_004376295.1	0.59	0.45	0.45	0.09	0.6	high	1	True
GB_GCA_004377325.1	0.58	0.56	0.1	0.26	0.55	medium	1	False
GB_GCA_003096255.1	0.01	0.04	0.48	0.43	0.79	low	0	False
GB_GCA_004376385.1	0.09	0.18	0.5	0.53	0.64	low	1	True
GB_GCA_003096235.1	0.29	0.71	0.4	0.47	0.39	high	0	True
GB_GCA_001399805.1	0.56	0.66	0.96	0.99	0.23	low	1	False
GB_GCA_003662715.1	0.47	0.36	0.98	0.66	0.01	low	1	False
GB_GCA_002490245.1	0.64	0.23	0.69	0.26	0.16	high	0	True
GB_GCA_003601655.1	0.44	0.12	0.29	0.76	0.15	low	1	False
GB_GCA_009889585.1	0.74	0.35	0.15	0.68	0.8	medium	0	True
GB_GCA_004376645.1	0.1	0.87	0.36	0.0	0.79	low	1	False
GB_GCA_001918315.1	0.98	0.48	0.79	0.14	0.06	high	1	False
GB_GCA_005883755.1	0.38	0.26	0.93	0.03	0.57	medium	0	True
GB_GCA_001920575.1	0.02	0.37	0.55	0.08	0.37	medium	1	False
GB_GCA_001915065.1	0.47	0.25	0.83	0.15	0.91	medium	0	False
GB_GCA_005882905.1	0.65	0.09	0.2	0.13	0.99	high	0	False
GB_GCA_005883735.1	0.34	0.33	0.64	0.52	0.94	low	1	False
GB_GCA_005881655.1	0.01	0.93	0.01	0.13	0.1	medium	0	False
GB_GCA_005882885.1	0.69	0.92	0.8	0.78	0.47	high	1	False
GB_GCA_005882895.1	0.53	0.49	0.23	0.45	0.45	medium	1	True
GB_GCA_005884635.1	0.19	0.82	0.24	0.67	0.72	medium	1	True
GB_GCA_001919285.1	0.0	0.63	0.88	0.17	0.02	low	1	True
GB_GCA_005883075.1	0.35	0.6	0.69	0.86	0.52	high	0	False
GB_GCA_005884215.1	0.87	0.35	0.16	0.31	0.14	medium	0	True
GB_GCA_001918745.1	0.69	0.29	0.86	0.06	0.7	medium	0	True
GB_GCA_001919175.1	0.99	0.73	0.23	0.32	0.84	medium	0	False
GB_GCA_005884195.1	0.22	0.16	0.97	0.67	0.44	low	1	True
GB_GCA_005881695.1	0.6	0.13	0.24	0.0	0.13	low	0	False
GB_GCA_005882955.1	0.5	0.85	0.4	0.68	0.38	low	0	False
GB_GCA_005883085.1	0.58	0.56	0.5	0.25	0.92	high	0	False
GB_GCA_005888745.1	0.27	0.76	0.79	0.06	0.37	high	0	True
GB_GCA_005881615.1	0.31	0.91	0.9	0.45	0.84	low	0	True
GB_GCA_005884605.1	0.4	0.99	0.09	0.94	0.94	low	1	False
GB_GCA_005883695.1	0.89	0.61	0.63	0.44	1.0	high	0	True
GB_GCA_005888635.1	0.38	0.57	0.31	0.34	0.71	medium	1	True
GB_GCA_001918765.1	0.03	0.78	0.85	0.32	0.5	high	0	True
GB_GCA_005888755.1	0.23	0.74	0.78	0.15	0.46	high	1	False
GB_GCA_002495485.1	0.07	0.75	0.09	0.25	0.26	medium	1	False
GB_GCA_005888735.1	0.69	0.75	0.5	0.52	0.44	low	1	False
GB_GCA_005888795.1	0.02	0.06	0.74	0.36	0.72	low	0	False
GB_GCA_005888695.1	0.39	0.02	0.0	0.24	0.14	low	0	False
GB_GCA_005888675.1	0.25	0.32	0.38	0.69	0.8	high	1	True
GB_GCA_011371795.1	0.6	0.42	0.9	0.0	0.64	medium	0	False
GB_GCA_011369655.1	0.31	0.7	0.03	0.59	0.52	low	1	True
GB_GCA_011338225.1	0.32	0.24	0.68	0.47	0.3	low	1	True
GB_GCA_011355205.1	0.83	0.13	0.66	0.6	0.59	low	1	True
GB_GCA_007050885.1	0.05	0.65	0.57	0.59	0.38	low	0	True
GB_GCA_001775955.1	0.55	0.53	0.97	0.06	0.19	medium	1	True
GB_GCA_011358085.1	0.43	0.92	0.92	0.27	0.53	low	0	True
GB_GCA_011389385.1	0.77	0.13	0.03	0.47	0.39	high	1	True
GB_GCA_003152955.1	0.82	0.11	0.81	0.39	0.84	low	0	False
GB_GCA_001768965.1	0.55	0.44	0.27	0.73	0.55	low	1	False
GB_GCA_003662625.1	0.21	0.69	0.02	0.67	0.41	low	1	True
GB_GCA_003662515.1	0.1	0.63	0.22	0.46	0.06	medium	0	True
GB_GCA_003662305.1	0.81	0.74	0.95	0.99	0.28	low	1	False
GB_GCA_003662485.1	0.45	0.03	0.63	0.24	0.57	low	0	True
GB_GCA_001593855.1	0.31	0.31	0.68	0.6	0.45	high	0	False
GB_GCA_002011035.1	0.48	0.47	0.65	0.2	0.33	high	1	False
GB_GCA_002009985.1	0.63	0.46	0.4	0.67	0.28	high	0	True
GB_GCA_003604315.1	0.73	0.21	0.99	0.02	0.53	medium	1	True
GB_GCA_002254975.1	0.68	0.06	0.55	0.37	0.9	low	1	True
GB_GCA_003661965.1	0.41	0.49	0.97	0.84	0.68	high	1	True
GB_GCA_001593865.1	0.72	0.17	0.85	0.28	0.16	medium	1	False
GB_GCA_003662455.1	0.77	0.47	0.23	0.13	0.55	low	1	True
GB_GCA_011366665.1	0.74	0.41	0.44	0.08	0.89	medium	0	True
GB_GCA_011364325.1	0.58	0.39	0.45	0.63	0.39	medium	1	False
GB_GCA_011374155.1	0.54	0.37	0.25	0.06	0.64	high	1	False
GB_GCA_011369595.1	0.18	0.31	0.05	0.41	0.13	low	0	True
GB_GCA_011361905.1	0.12	0.5	0.69	0.76	0.67	low	1	False
GB_GCA_011366745.1	0.93	0.93	0.49	0.17	0.27	high	0	True
GB_GCA_011367275.1	0.67	0.45	0.87	0.0	0.02	medium	0	False
GB_GCA_011375775.1	0.08	0.13	0.72	0.14	0.0	high	1	False
GB_GCA_001593875.1	0.24	0.56	0.16	0.96	0.02	high	0	True
GB_GCA_014381835.1	0.22	0.87	0.34	0.16	0.55	high	0	True
GB_GCA_002726865.1	0.64	0.77	0.3	0.62	0.43	high	1	True
GB_GCA_003601775.1	0.94	0.59	0.43	0.56	0.09	high	1	True
GB_GCA_001775965.1	0.5	0.76	0.13	0.79	0.45	high	1	True
GB_GCA_001776015.1	0.35	0.53	0.79	0.17	0.25	high	0	True
GB_GCA_013619005.1	0.69	0.09	0.5	0.97	0.63	low	0	True
GB_GCA_013329615.1	0.34	0.32	0.28	0.58	0.42	medium	0	False
GB_GCA_001774245.1	0.81	0.36	0.4	0.9	0.84	medium	0	False
GB_GCA_003662205.1	0.19	0.36	0.99	0.13	0.56	high	1	False
GB_GCA_003662535.1	0.69	0.05	0.57	0.55	0.09	medium	0	False
GB_GCA_002255025.1	0.25	0.77	0.32	0.78	0.69	medium	0	False
GB_GCA_011040545.1	0.83	0.05	0.62	0.86	0.59	medium	1	False
GB_GCA_001775995.1	0.47	0.42	0.96	0.51	0.68	low	0	False
GB_GCA_004347915.1	0.0	0.05	0.36	0.43	0.77	low	0	False
GB_GCA_011369775.1	0.08	0.49	0.63	0.11	0.46	medium	0	False
GB_GCA_011366535.1	0.31	0.17	0.26	0.01	0.36	low	0	True
GB_GCA_004347965.1	0.67	0.76	0.91	0.95	0.9	low	0	False
GB_GCA_003649565.1	0.34	0.62	0.1	0.1	0.4	medium	0	True
GB_GCA_011605835.1	0.78	0.41	0.73	0.84	0.1	low	1	True
GB_GCA_003650865.1	0.55	0.29	0.86	0.87	0.86	high	0	False
GB_GCA_011369545.1	0.52	0.84	0.36	0.29	0.68	low	0	False
GB_GCA_011362155.1	0.83	0.33	0.38	0.39	0.33	medium	1	True
GB_GCA_011364865.1	0.23	0.68	0.49	0.64	0.25	high	1	False
GB_GCA_011364685.1	0.78	0.94	0.96	0.96	0.02	high	0	True
GB_GCA_003649615.1	0.15	0.09	0.31	0.78	0.88	high	1	True
GB_GCA_011375665.1	0.2	0.28	0.2	0.76	0.02	high	0	False
GB_GCA_001717005.1	0.72	0.21	0.46	0.67	0.99	low	0	False
GB_GCA_002507395.1	0.16	0.17	0.94	0.56	0.51	high	1	True
GB_GCA_001717035.1	0.78	0.93	0.83	0.26	0.52	low	1	True
GB_GCA_002504985.1	0.57	0.66	0.88	0.58	0.97	high	1	True
GB_GCA_001717025.1	0.29	0.6	0.51	0.12	0.52	high	1	True
GB_GCA_011329225.1	0.02	0.65	0.17	0.28	0.7	low	0	True
GB_GCA_004212145.1	0.97	0.51	0.31	0.42	0.4	medium	0	True
GB_GCA_004348015.1	0.9	0.48	0.26	0.47	0.99	low	1	True
GB_GCA_011605765.1	0.3	0.62	0.66	0.41	0.84	high	0	False
GB_GCA_011605805.1	0.67	0.28	0.53	0.73	0.05	medium	0	True
GB_GCA_004347955.1	0.91	0.8	0.53	0.34	0.57	low	0	True
GB_GCA_011362965.1	0.17	0.75	0.21	0.42	0.75	high	1	True
GB_GCA_014361445.1	0.89	0.9	0.3	0.59	0.34	medium	0	True
GB_GCA_001717015.1	0.78	0.63	0.07	0.43	0.6	low	0	False
GB_GCA_014361425.1	0.74	0.63	0.29	0.41	0.33	high	0	True
GB_GCA_004028775.1	0.84	0.13	0.94	0.72	0.81	high	1	True
GB_GCA_011373925.1	0.46	0.84	0.1	0.73	0.29	low	0	False
GB_GCA_014361455.1	0.86	0.7	0.74	0.02	0.44	medium	1	False
GB_GCA_003649085.1	0.89	0.93	0.2	0.69	0.99	low	1	True
GB_GCA_011366965.1	0.25	0.19	0.22	0.27	0.93	low	1	True
GB_GCA_011362245.1	0.57	0.83	0.61	0.26	0.75	high	0	True
GB_GCA_003649145.1	0.18	0.42	0.5	0.19	0.54	high	1	True
GB_GCA_003649155.1	0.68	0.46	0.82	0.26	0.13	low	1	False
GB_GCA_003650625.1	0.45	0.15	0.19	0.03	0.01	medium	0	False
GB_GCA_003649185.1	0.95	0.64	0.45	0.3	0.19	medium	0	False
GB_GCA_011043115.1	0.21	0.36	0.05	0.31	0.01	low	0	True
GB_GCA_011372955.1	0.66	0.01	0.89	0.77	0.91	high	1	False
GB_GCA_011380245.1	0.64	0.7	0.79	0.57	0.19	low	1	False
GB_GCA_011367155.1	0.88	0.87	0.3	0.81	0.9	medium	1	False
GB_GCA_011370515.1	1.0	0.25	0.57	0.85	0.14	low	0	False
GB_GCA_011605825.1	0.36	0.75	0.41	0.73	0.86	high	1	True
GB_GCA_011358815.1	0.98	0.6	0.79	0.31	0.02	high	1	True
RS_GCF_000019605.1	0.74	0.84	0.41	0.03	0.16	high	0	True
RS_GCF_003948265.1	0.33	0.74	0.08	0.45	0.11	medium	0	True
GB_GCA_003344655.1	0.97	0.69	0.5	0.87	0.39	high	0	False
GB_GCA_011056255.1	0.5	0.82	0.52	0.74	0.65	medium	0	True
RS_GCF_003947435.1	0.88	0.03	0.14	0.31	0.28	low	0	True
GB_GCA_004347975.1	0.9	0.67	0.25	0.79	0.99	high	1	True
GB_GCA_004212055.1	0.17	0.53	0.92	0.31	0.14	medium	1	False
GB_GCA_011042755.1	0.55	0.45	0.83	0.44	0.92	high	1	False
GB_GCA_003661445.1	0.63	0.09	0.72	0.17	0.71	high	0	False
GB_GCA_003661385.1	0.36	0.73	0.08	0.1	0.8	medium	0	True
GB_GCA_003661265.1	0.87	0.5	0.62	0.79	0.53	high	0	True
GB_GCA_003661365.1	0.31	0.24	0.72	0.96	0.22	low	0	False
GB_GCA_011041895.1	0.26	0.7	0.62	0.94	0.21	medium	0	False
GB_GCA_011366955.1	0.26	0.22	0.47	0.17	0.14	low	0	False
GB_GCA_011363915.1	0.63	0.54	0.48	0.77	0.07	low	0	False
GB_GCA_011605725.1	0.18	0.68	0.72	0.54	0.69	low	1	False
GB_GCA_011389375.1	0.56	0.16	0.94	0.15	0.12	high	1	True
GB_GCA_011362045.1	0.44	0.19	0.69	0.57	0.64	medium	1	False
GB_GCA_002255045.1	0.18	0.83	0.61	0.69	0.68	high	1	False
GB_GCA_011042415.1	0.25	0.86	0.52	0.54	0.15	medium	1	True
GB_GCA_011332645.1	0.59	0.46	0.22	0.38	0.6	high	1	True
GB_GCA_011371845.1	0.55	0.12	0.08	0.83	0.72	medium	0	True
GB_GCA_011605715.1	0.04	0.31	0.44	0.28	0.13	high	1	True
GB_GCA_003661605.1	0.76	0.41	0.1	0.16	0.59	high	0	False
